Filename,Timestamp
IMG_2367.JPG,2022:07:19 23:47:58
IMG_2373.JPG,2022:07:19 23:48:33
IMG_3482.PNG,2012:04:03 12:05:04
IMG_2206.JPG,2018:03:24 04:21:41
IMG_2372.JPG,2022:07:19 23:48:33
IMG_2366.JPG,2022:07:19 23:47:58
IMG_3708.PNG,2005:11:21 17:19:43
IMG_3720.PNG,2009:02:23 12:23:31
IMG_3907.PNG,2020:04:14 04:53:42
IMG_3913.PNG,2006:06:07 14:13:59
IMG_2370.JPG,2022:07:19 23:48:33
IMG_2364.JPG,2022:07:19 23:47:57
IMG_2358.JPG,2022:07:19 23:47:30
ff3d1113-e8cf-45b1-bdd5-5a4333e84b41.jpg,2011:10:31 19:44:49
IMG_3683.PNG,2020:07:07 09:54:53
IMG_2359.JPG,2022:07:19 23:47:30
IMG_2365.JPG,2022:07:19 23:47:58
IMG_2371.JPG,2022:07:19 23:48:33
IMG_3523.PNG,2020:01:16 00:18:40
IMG_3912.PNG,2022:05:01 21:19:25
IMG_3709.PNG,2018:06:22 20:33:23
IMG_3719.PNG,2002:09:16 21:15:36
IMG_2349.JPG,2022:07:19 23:47:23
IMG_2375.JPG,2022:07:19 23:48:34
IMG_2361.JPG,2022:07:19 23:47:57
IMG_2201.JPG,2007:06:02 01:41:06
IMG_3863.PNG,2012:08:09 04:15:13
IMG_3687.PNG,2017:11:15 04:55:50
IMG_3693.PNG,2007:04:18 10:15:12
IMG_3491.PNG,2009:07:04 07:30:29
IMG_3446.PNG,2019:07:05 06:20:45
IMG_2360.JPG,2022:07:19 23:47:57
IMG_2374.JPG,2022:07:19 23:48:33
IMG_2348.JPG,2022:07:19 23:47:23
2DE06E56-63C7-4A89-9C2D-8FBA24FA64BE.jpg,2022:08:26 21:52:39
IMG_3718.PNG,2014:02:15 13:06:01
IMG_2189.JPG,2016:10:13 03:56:21
IMG_2389.JPG,2022:07:19 23:49:07
IMG_2362.JPG,2022:07:19 23:47:57
IMG_2376.JPG,2022:07:19 23:48:34
IMG_3450.PNG,2007:01:29 18:02:09
IMG_3849.PNG,2021:11:12 01:45:17
IMG_3690.PNG,2009:12:16 00:53:14
IMG_3492.PNG,2010:06:30 12:27:30
IMG_3647.JPG,2015:08:18 16:04:13
IMG_3337.PNG,2017:10:18 20:23:03
IMG_2377.JPG,2022:07:19 23:48:34
IMG_2363.JPG,2022:07:19 23:47:57
IMG_3294.PNG,2011:11:23 22:50:07
IMG_2388.JPG,2022:07:19 23:49:07
IMG_3542.JPG,2016:02:22 04:54:59
48D80448-601B-40E5-847F-2E2F2C55AF72.jpg,2008:06:26 14:57:50
IMG_2304.JPG,2022:07:19 23:33:52
IMG_2310.JPG,2022:07:19 23:33:53
IMG_2338.JPG,2022:07:19 23:44:01
4C3AC1B6-784D-49A6-A654-BCF10320BB5C.jpg,2003:03:06 02:38:13
IMG_2265.PNG,2007:01:05 03:55:15
IMG_2339.JPG,2022:07:19 23:44:01
IMG_2311.JPG,2022:07:19 23:33:53
IMG_2305.JPG,2022:07:19 23:33:52
IMG_3569.PNG,2001:06:11 00:50:03
IMG_3541.PNG,2011:04:19 15:40:40
IMG_2307.JPG,2022:07:19 23:33:52
IMG_3757.JPG,2008:06:30 13:26:56
CA9BA007-9020-48EB-AB22-D2B7D9CDCAC6.jpg,2022:09:19 00:08:44
IMG_2298.JPG,2022:07:19 23:33:07
IMG_2299.JPG,2022:07:19 23:33:07
IMG_2306.JPG,2022:07:19 23:33:52
IMG_3568.PNG,2008:10:08 06:52:22
IMG_3746.JPG,2003:03:01 19:10:19
IMG_2302.JPG,2022:07:19 23:33:52
IMG_2289.JPG,2022:07:19 23:32:57
IMG_3425.JPG,2003:03:03 10:05:51
IMG_2288.JPG,2022:07:19 23:32:57
IMG_2303.JPG,2022:07:19 23:33:52
IMG_3745.JPG,2016:09:14 16:30:05
IMG_2329.JPG,2022:07:19 23:43:54
IMG_2301.JPG,2022:07:19 23:33:07
IMG_3625.PNG,2001:05:13 13:15:10
IMG_2261.PNG,2011:02:22 17:51:23
IMG_3630.PNG,2001:12:21 07:50:42
IMG_2300.JPG,2022:07:19 23:33:07
IMG_2328.JPG,2022:07:19 23:43:54
IMG_3775.PNG,2006:08:13 09:40:43
IMG_3563.PNG,2011:08:31 11:02:19
IMG_2325.JPG,2022:07:19 23:43:54
IMG_2331.JPG,2022:07:19 23:44:01
IMG_2292.JPG,2022:07:19 23:33:06
IMG_2286.JPG,2022:07:19 23:32:56
IMG_2245.PNG,2006:08:25 02:56:45
IMG_3629.PNG,2014:01:13 01:53:46
IMG_3628.PNG,2020:06:30 20:12:58
IMG_2287.JPG,2022:07:19 23:32:57
IMG_2293.JPG,2022:07:19 23:33:06
IMG_2330.JPG,2022:07:19 23:44:01
IMG_2324.JPG,2022:07:19 23:43:53
IMG_3562.PNG,2002:04:30 23:46:18
IMG_2332.JPG,2022:07:19 23:44:01
IMG_2326.JPG,2022:07:19 23:43:54
IMG_2285.JPG,2022:07:19 23:32:56
IMG_2291.JPG,2022:07:19 23:32:57
IMG_3819.PNG,2014:09:04 03:54:46
IMG_2290.JPG,2022:07:19 23:32:57
IMG_2284.JPG,2022:07:19 23:32:56
c704098f-c972-4903-8b8d-41c69625fb9a.jpg,2014:04:23 23:56:26
IMG_2327.JPG,2022:07:19 23:43:54
IMG_2333.JPG,2022:07:19 23:44:01
IMG_3549.PNG,2000:06:08 01:23:33
IMG_3571.PNG,2021:04:06 18:54:57
IMG_2337.JPG,2022:07:19 23:44:01
IMG_2323.JPG,2022:07:19 23:43:53
IMG_3377.PNG,2020:01:26 23:51:26
IMG_2294.JPG,2022:07:19 23:33:06
IMG_2295.JPG,2022:07:19 23:33:07
IMG_2322.JPG,2022:07:19 23:43:53
IMG_2336.JPG,2022:07:19 23:44:01
09ED6710-7AEE-4EC1-B38A-F7CA2C60D6EA.jpg,2008:03:29 14:12:43
IMG_3570.PNG,2016:02:19 01:07:49
IMG_3564.PNG,2002:06:13 17:43:22
IMG_3572.PNG,2005:09:09 23:17:04
IMG_2308.JPG,2022:07:19 23:33:53
IMG_3758.JPG,2019:04:12 19:51:44
IMG_2320.JPG,2022:07:19 23:43:53
IMG_2334.JPG,2022:07:19 23:44:01
IMG_2297.JPG,2022:07:19 23:33:07
IMG_2283.JPG,2022:07:19 23:32:56
1E1A039D-21B5-47E2-9892-C0742776DD73.jpg,2022:09:14 16:55:16
7ABE7846-A38C-4A04-9C0D-63B5AC7F0A21.jpg,2022:09:25 22:30:42
IMG_3375.JPG,2009:10:02 22:23:16
8ab23a5e-4c0b-42d5-8dac-3880e9374fa6.jpg,2012:05:10 11:20:58
IMG_2282.JPG,2022:07:19 23:32:56
IMG_2296.JPG,2022:07:19 23:33:07
IMG_2335.JPG,2022:07:19 23:44:01
IMG_3598.PNG,2015:02:20 02:36:52
IMG_3759.JPG,2014:03:25 15:13:30
IMG_2321.JPG,2022:07:19 23:43:53
IMG_2309.JPG,2022:07:19 23:33:53
IMG_3567.PNG,2004:11:13 15:01:13
5100DD75-1B23-4DB3-91C3-80D59D0A0622.jpg,2022:09:24 15:27:23
IMG_3716.PNG,2008:05:12 23:05:37
IMG_3702.PNG,2021:09:17 06:03:44
IMG_2385.JPG,2022:07:19 23:49:07
IMG_2391.JPG,2022:07:19 23:51:01
IMG_2346.JPG,2022:07:19 23:47:23
IMG_2352.JPG,2022:07:19 23:47:29
IMG_3892.PNG,2007:12:08 20:28:21
IMG_3887.PNG,2006:12:04 08:53:23
IMG_2353.JPG,2022:07:19 23:47:29
IMG_2347.JPG,2022:07:19 23:47:23
IMG_2390.JPG,2022:07:19 23:51:01
IMG_2384.JPG,2022:07:19 23:49:07
IMG_3717.PNG,2008:01:19 14:15:26
IMG_3715.PNG,2017:03:30 01:29:34
IMG_2392.JPG,2022:07:19 23:51:01
IMG_2386.JPG,2022:07:19 23:49:07
IMG_2351.JPG,2022:07:19 23:47:29
IMG_2345.JPG,2022:07:19 23:47:23
IMG_2379.JPG,2022:07:19 23:48:34
3A39A0AA-A979-4C2D-AEAF-3934EBC21C4B.jpg,2013:03:19 07:13:58
IMG_2378.JPG,2022:07:19 23:48:34
IMG_2344.JPG,2022:07:19 23:47:23
IMG_2350.JPG,2022:07:19 23:47:29
IMG_3516.PNG,2020:09:05 01:49:45
IMG_2387.JPG,2022:07:19 23:49:07
IMG_2393.JPG,2022:07:19 23:51:01
IMG_3714.PNG,2014:04:28 05:52:54
257C75B4-A009-45A4-BE55-45D4AE6504F0.jpg,2022:07:17 16:26:35
12D01544-D198-4C11-9C60-CF3A59AA1F2C.jpg,2022:09:12 16:00:14
IMG_2156.JPG,2017:07:01 00:34:57
IMG_2383.JPG,2022:07:19 23:49:07
IMG_2368.JPG,2022:07:19 23:47:58
IMG_3710.JPG,2004:01:06 00:04:37
IMG_2354.JPG,2022:07:19 23:47:29
IMG_2340.JPG,2022:07:19 23:47:22
IMG_3473.PNG,2019:04:22 04:34:54
IMG_2341.JPG,2022:07:19 23:47:23
IMG_2355.JPG,2022:07:19 23:47:29
IMG_2369.JPG,2022:07:19 23:47:58
IMG_2382.JPG,2022:07:19 23:49:07
482282E9-A0EF-4FDC-A57D-F1929814BD1B.jpg,2022:09:24 15:27:42
IMG_3739.PNG,2021:01:12 22:11:20
IMG_3713.PNG,2021:08:19 04:32:40
IMG_3505.PNG,2008:08:25 06:43:17
IMG_2380.JPG,2022:07:19 23:49:07
IMG_2394.JPG,2022:07:19 23:51:01
IMG_2343.JPG,2022:07:19 23:47:23
IMG_2357.JPG,2022:07:19 23:47:30
IMG_2356.JPG,2022:07:19 23:47:30
IMG_2342.JPG,2022:07:19 23:47:23
IMG_3504.PNG,2016:12:31 05:58:22
IMG_3712.PNG,2014:07:24 16:20:03
E3890B56-423E-421D-B82E-3389821765B7.jpg,2014:05:14 00:13:30
IMG_2367.JPG,2001:08:11 11:21:17
IMG_7784.PNG,2016:07:26 05:54:16
IMG_3119.JPG,2021:01:20 04:43:45
IMG_7814.JPG,2007:07:04 21:46:36
IMG_3482.JPG,2004:07:13 04:57:14
IMG_2777.JPG,2022:02:19 05:49:15
IMG_3440.JPG,2021:08:09 09:14:27
IMG_7140.PNG,2018:12:01 04:09:14
6A32EBC3-B4B7-4616-BBC8-0E3E707812EB.jpg,2000:02:26 08:41:03
IMG_2776.PNG,2009:01:16 23:12:26
IMG_4059.JPG,2006:06:25 23:28:09
IMG_7791.PNG,2015:11:21 15:53:20
2CAF0EE7-B599-42FE-BAA0-C3DE84E60446.jpg,2003:01:30 01:35:27
E6092DD3-4496-4DC6-8EDA-6CF15BF6B69A.jpg,2019:10:21 11:03:19
IMG_7961.PNG,2001:08:22 21:47:41
IMG_7034.JPG,2010:07:19 18:55:00
572f7e0b-47c7-4a16-8f12-8dbd53c501a4.jpg,2005:02:01 20:20:17
C3BA25F9-C8F9-4D2D-A1D1-118A7D7EEAD2.jpg,2018:08:04 05:41:09
IMG_7585.JPG,2017:11:25 01:46:44
IMG_7208.JPG,2010:12:09 07:32:27
IMG_2364.JPG,2006:02:09 20:38:25
IMG_4305.PNG,2014:04:13 18:07:45
IMG_7354.JPG,2019:01:06 18:41:12
IMG_3481.PNG,2006:10:27 23:59:36
8F060D49-8C77-42FB-AE6F-FC183E63FE17.jpg,2022:01:08 21:39:00
IMG_3126.PNG,2006:08:23 01:05:35
IMG_7383.PNG,2022:11:20 05:11:04
IMG_2991.PNG,2007:12:03 18:28:29
IMG_7584.JPG,2005:10:09 20:32:41
IMG_7023.PNG,2018:02:26 20:14:32
C5FE7BFF-5C99-4F11-8496-958884AAF0F5.jpg,2009:12:14 08:57:07
IMG_2629.JPG,2007:09:27 00:31:49
839e613e-a792-4e45-8517-769319e762cb.jpg,2006:10:12 23:54:59
IMG_7792.JPG,2022:04:04 00:26:18
64DBE525-163D-4B3D-82E7-7CDF1B1C0390.jpg,2021:06:22 08:23:00
F9A15807-8C05-4922-8310-96017A97CA01.jpg,2003:03:13 19:17:10
IMG_3533.JPG,2009:12:24 16:38:47
39F35DB9-1959-4753-BFF9-0AFD2C0E8755.jpg,2012:02:18 09:13:28
IMG_7999.PNG,2001:08:01 11:45:14
D3AD8BB8-7B90-4427-B152-427022843931.jpg,2006:03:28 02:37:49
IMG_2836.PNG,2003:01:30 01:20:54
CE6808B4-E8AB-40FE-86AA-0654C5B1C519.jpg,2007:05:03 22:56:14
1ADC8B0D-CCFA-42FF-857E-BCC4CDD91D04.jpg,2002:07:02 21:44:50
IMG_3484.JPG,2017:12:23 03:59:00
IMG_3123.PNG,2005:05:26 06:58:36
IMG_7392.PNG,2004:06:26 22:45:26
IMG_3686.PNG,2021:02:28 08:08:45
F12A94BC-4B5A-473C-86D3-204421ED67BE.jpg,2020:11:02 20:39:35
18DCB278-FD2E-4A62-B22D-A4A24BD31CA8.jpg,2010:04:11 17:11:21
BB404943-E5EC-4B7B-8326-1AA7D8759884.jpg,2015:04:26 09:27:21
DD844A8B-8599-4C67-91E2-D891DF58E32A.jpg,2022:04:25 14:20:42
IMG_3122.JPG,2007:12:02 14:26:03
IMG_2823.PNG,2010:01:28 00:12:16
IMG_7998.PNG,2003:01:23 21:09:50
IMG_4275.JPG,2021:09:03 01:07:36
254B12C2-9952-4D33-B149-DD833823A4C0.jpg,2020:10:01 13:46:02
IMG_2610.JPG,2005:10:23 10:12:56
IMG_3532.JPG,2007:09:21 17:20:06
IMG_3056.PNG,2006:02:27 21:14:32
IMG_7797.JPG,2000:08:11 08:15:52
IMG_4061.PNG,2020:12:07 00:51:46
A9A613F6-338B-49E8-B9D7-C6A342F46263.jpg,2021:11:08 02:18:34
IMG_7742.JPG,2009:08:22 17:35:46
221B3A8C-8EF2-4158-B92D-109CD19BD1C0.jpg,2000:02:10 02:08:30
IMG_4277.PNG,2010:05:02 15:43:41
IMG_2835.PNG,2022:11:19 22:56:00
IMG_2799.PNG,2001:03:27 05:37:05
IMG_3646.JPG,2017:06:01 07:08:23
IMG_2955.PNG,2017:12:27 01:49:33
IMG_3108.JPG,2019:12:31 02:39:50
IMG_7384.PNG,2002:06:06 05:36:41
IMG_2954.JPG,2012:07:16 13:01:16
IMG_4128.PNG,2008:02:06 15:01:42
IMG_3121.JPG,2004:02:26 07:21:52
IMG_7743.JPG,2020:10:13 21:15:25
4B52BDB2-DAAF-450C-959E-F9BF26C7D6DE.jpg,2013:04:13 18:02:48
7C4550E9-B95E-4027-9E25-7727D4CB81BE.jpg,2003:10:11 17:47:10
IMG_7794.JPG,2002:12:27 17:47:56
IMG_7718.JPG,2011:09:18 08:44:26
IMG_4205.JPG,2000:09:13 13:11:23
IMG_7724.JPG,2020:03:29 10:33:19
IMG_2648.PNG,2000:05:16 02:40:49
IMG_7297.JPG,2007:11:25 23:03:31
BA73EC26-1203-49CC-82DB-BEB5A1FF2225.jpg,2001:09:23 17:16:05
IMG_4198.JPG,2002:06:18 04:53:20
IMG_6758.JPG,2014:08:08 14:52:45
IMG_7693.JPG,2012:03:20 06:11:53
48F426E4-C133-4452-AF82-421FAA3AF692.jpg,2020:11:14 11:05:04
3B4BDB53-A05E-41E4-8483-75C0460CB51C.jpg,2007:06:11 01:12:15
IMG_7692.JPG,2005:12:31 17:27:42
IMG_6759.JPG,2008:04:22 01:13:48
IMG_7321.JPG,2016:10:28 12:44:52
IMG_4199.JPG,2008:10:24 01:46:40
IMG_7296.JPG,2017:06:29 23:15:58
IMG_2649.PNG,2006:01:12 22:43:56
IMG_2891.PNG,2000:01:21 17:55:22
01380A1E-44A5-4C72-8C90-1FADAA285F27.jpg,2019:10:01 05:45:21
IMG_7725.JPG,2005:12:26 11:56:58
IMG_4204.JPG,2005:01:19 18:16:31
IMG_7719.JPG,2005:12:02 22:02:09
E4EF0EF1-3AC5-4BC5-8E13-9375C11D9E3A.jpg,2002:05:12 01:59:18
IMG_2311.PNG,2013:08:07 20:02:24
IMG_2677.JPG,2002:12:03 04:14:42
IMG_3569.JPG,2005:05:23 11:18:49
IMG_7733.JPG,2017:10:19 08:44:08
IMG_7294.JPG,2008:07:05 05:36:09
IMG_3555.PNG,2016:08:01 20:03:03
53AA062D-A6F0-4460-B988-5467390156C9.jpg,2020:11:16 22:43:33
FCD9C43F-4B22-43CA-81C2-6E8C7421AD1B.jpg,2008:10:12 07:09:35
IMG_6983.JPG,2015:06:22 20:56:14
IMG_2924.JPG,2009:10:12 09:30:33
IMG_7337.PNG,2019:08:13 19:42:37
IMG_3390.JPG,2015:01:26 09:13:53
IMG_2925.JPG,2019:07:19 15:09:52
IMG_8039.JPG,2010:10:22 12:16:23
IMG_2716.PNG,2005:03:10 19:35:26
IMG_3583.PNG,2019:01:13 21:24:05
IMG_7295.JPG,2001:10:22 04:53:07
IMG_7726.JPG,2022:06:14 07:54:46
904307CB-9210-402C-AA3C-2420B26CCAFD.jpg,2014:06:07 15:21:23
IMG_3593.JPG,2017:09:26 13:37:29
IMG_3587.JPG,2007:09:14 11:20:58
3AE7B58E-481B-4B04-B34E-249B83F084AA.jpg,2022:07:08 09:34:25
IMG_7859.JPG,2007:08:23 21:57:09
IMG_7695.JPG,2020:10:02 22:27:18
IMG_4149.PNG,2016:10:21 01:43:28
IMG_2706.JPG,2018:02:09 17:47:32
78690581-DCB6-456F-B84C-FADE04B912D7.jpg,2017:01:29 19:02:20
IMG_2707.JPG,2021:11:26 13:12:36
IMG_7694.JPG,2015:11:16 09:04:48
DC1E2DDB-70DB-448E-A4C2-A3E2D689AA86.jpg,2020:11:17 17:17:48
IMG_7327.JPG,2001:02:01 11:26:06
IMG_6788.JPG,2011:10:22 16:40:17
4C306412-4FBB-4E68-9BF4-38FFAB686A1C.jpg,2015:09:13 05:19:04
IMG_2854.PNG,2022:07:01 11:16:45
BF7F220B-D618-4692-9318-3209B64AE6AE.jpg,2018:04:28 19:30:52
9983A24C-1ACF-42E7-9C6B-61A3CBCD760E.jpg,2017:01:28 13:40:50
600DBF6E-DA0B-43CA-B2DC-D42E04E3E448.jpg,2000:06:07 10:22:05
IMG_3592.JPG,2006:08:14 23:00:46
IMG_3590.JPG,2017:05:04 12:56:59
6F9F406D-B0AC-4CE7-A454-F05B9FDC3ED9.jpg,2017:01:27 11:12:22
49128E10-8900-4E81-BA99-DC5AF85C6592.jpg,2022:08:06 09:02:36
IMG_7709.PNG,2012:03:07 05:26:15
IMG_2665.PNG,2003:08:13 01:05:57
IMG_7245.JPG,2012:01:16 03:29:04
IMG_3584.PNG,2021:12:11 22:26:15
IMG_7133.PNG,2012:07:06 02:38:32
IMG_4189.JPG,2022:11:01 07:23:39
IMG_7696.JPG,2014:01:16 02:02:25
28F66627-DC17-4D8A-9B90-022D0F259C81.jpg,2000:07:23 16:05:51
IMG_7697.JPG,2006:07:10 13:24:26
IMG_6760.JPG,2009:07:24 19:53:07
IMG_3630.JPG,2003:10:12 22:51:31
IMG_4188.JPG,2014:11:10 11:10:58
IMG_7244.JPG,2000:10:16 15:16:48
IMG_7046.PNG,2006:07:27 19:46:01
IMG_7293.JPG,2020:09:13 16:37:23
IMG_4201.JPG,2015:07:28 08:36:25
IMG_7720.JPG,2000:05:27 10:00:47
IMG_3591.JPG,2007:02:01 17:01:38
IMG_3022.PNG,2002:03:10 14:58:22
IMG_3588.JPG,2006:07:23 14:40:31
456CB39E-A0FD-435A-A865-88F1C7005659.jpg,2001:06:06 01:38:27
IMG_7711.JPG,2003:09:14 14:09:57
IMG_3563.PNG,2022:02:05 21:19:59
IMG_7249.JPG,2010:01:24 08:45:54
C194A41B-9CD4-457A-9779-3253F7C34A02.jpg,2014:10:25 03:13:34
IMG_4185.JPG,2009:07:06 12:32:45
IMG_4191.JPG,2010:03:20 15:01:48
07C36E5F-79EE-431A-A204-96ACA03F5DCD.jpg,2019:06:09 13:39:01
IMG_7658.JPG,2003:12:01 14:20:50
IMG_2907.PNG,2020:09:13 09:36:55
9ADBF2FD-CE7A-440C-8B3A-B7B3CC31FAC6.jpg,2020:12:05 01:04:42
59A83337-C6C2-4B4B-9757-70ACDAFB46CB.jpg,2006:12:09 16:08:58
IMG_4184.JPG,2006:02:21 12:43:06
9FD46D4F-80DC-4D54-B40E-55279D8A1214.jpg,2016:02:23 05:58:01
IMG_7710.JPG,2014:01:27 08:18:12
46B64881-9B18-4C49-9B04-F9C2BFE0AA90.jpg,2012:05:29 21:20:32
IMG_7738.JPG,2011:12:23 07:31:38
IMG_7048.JPG,2005:02:07 23:10:09
IMG_7712.JPG,2010:10:08 07:38:59
IMG_3574.JPG,2003:11:18 06:01:39
78E7FCC4-10D7-4943-BD37-13D3E4C6B2A6.jpg,2002:06:04 23:12:00
IMG_7699.JPG,2003:12:24 20:31:14
IMG_6752.PNG,2015:02:07 08:10:00
BF36FF75-1906-4AB3-A83F-DAA41E638137.jpg,2012:09:12 05:59:36
IMG_3603.PNG,2009:01:04 17:41:56
IMG_7698.JPG,2006:07:13 09:47:50
BC22C5F0-88FC-4976-AD06-B9B0436C076A.jpg,2020:11:16 22:42:46
IMG_2864.PNG,2005:11:28 07:29:42
IMG_3575.JPG,2000:02:02 03:21:40
IMG_7713.JPG,2004:10:22 09:37:45
IMG_4226.JPG,2015:06:29 13:09:13
IMG_8144.PNG,2001:01:05 21:16:58
5F3120D7-1EB5-4BFB-8139-44E76283705D.jpg,2005:07:22 15:19:55
12E5B890-4D30-45FC-A2FB-03AC4686127F.jpg,2013:04:06 02:13:22
IMG_7717.JPG,2006:12:27 02:12:27
IMG_7298.PNG,2016:06:16 06:03:51
CC84ECD9-462A-4582-9AE5-AAC92F92F641.jpg,2009:03:18 18:38:49
IMG_3559.PNG,2012:09:17 05:55:24
IMG_8034.JPG,2006:05:11 18:21:26
IMG_7449.PNG,2018:03:15 03:53:26
IMG_6970.PNG,2014:07:11 15:17:38
IMG_6781.PNG,2000:03:27 18:58:03
IMG_3389.JPG,2020:02:24 00:24:58
IMG_3148.PNG,2007:06:15 21:44:50
0F73335C-31FA-4D5E-BE68-791188EEBC1F.jpg,2006:01:19 20:33:13
IMG_8141.JPG,2020:04:30 16:41:41
IMG_6805.PNG,2011:10:28 14:38:15
IMG_7716.JPG,2009:12:04 01:12:31
IMG_8155.PNG,2015:03:14 05:50:29
IMG_2678.JPG,2004:02:02 08:30:56
IMG_4209.JPG,2010:05:25 09:15:28
IMG_3566.JPG,2016:05:05 16:08:16
IMG_7700.JPG,2015:10:13 21:13:25
IMG_7714.JPG,2015:04:22 23:29:53
BEF2F2D1-C689-4294-908A-A8E696B8BC5F.jpg,2020:09:03 10:31:00
IMG_8143.JPG,2022:09:11 13:22:18
0C96C42E-47A1-481C-B9EF-E18E30A044AE.jpg,2012:11:03 05:00:07
7D25FEC4-CAAE-4F1C-802C-0FFFFAAF60BE.jpg,2000:06:26 18:34:45
8874BC2F-8066-4D94-B815-721F35F565C2.jpg,2017:01:14 20:14:07
IMG_7852.PNG,2015:07:06 18:38:27
IMG_6755.JPG,2014:12:19 14:20:25
IMG_4142.JPG,2015:09:21 05:33:10
BD47F3D5-E365-4643-AE6A-507AF6CF9E83.jpg,2009:07:26 00:13:43
IMG_8142.JPG,2005:12:07 14:56:02
IMG_7715.JPG,2009:08:29 00:11:43
IMG_2679.JPG,2005:06:25 21:44:08
IMG_3017.PNG,2005:05:03 12:51:37
IMG_7558.JPG,2012:07:26 13:01:59
IMG_3689.JPG,2006:12:12 16:25:56
1E425BCF-70EF-4E62-80D4-B6C908A43C80.jpg,2020:05:03 01:00:09
22574AC4-7BC3-4758-A5B5-7F24AC9870A0.jpg,2016:07:16 02:26:08
IMG_7613.JPG,2007:08:13 11:03:30
IMG_4124.PNG,2010:07:04 17:22:38
DB443377-0938-4452-B428-A93284388239.jpg,2008:08:13 07:53:50
IMG_7559.JPG,2010:03:24 09:08:48
IMG_4093.JPG,2009:07:12 08:01:34
E3545A02-1CEE-4632-A528-F2677EF13274.jpg,2020:09:23 19:50:57
IMG_3729.PNG,2005:12:19 15:49:25
IMG_8132.PNG,2021:08:17 23:19:07
IMG_7567.PNG,2001:08:22 04:00:22
FD4CBBBA-DD9B-4244-A17D-DD5975DB50CB.jpg,2017:10:31 01:02:48
IMG_3113.JPG,2020:02:01 10:29:00
IMG_7360.PNG,2009:07:12 16:58:08
IMG_3112.JPG,2018:12:29 02:11:56
0225F60A-4500-4105-AE7A-9F90075D769C.jpg,2018:11:17 23:18:57
IMG_8133.PNG,2004:07:30 15:33:56
IMG_7566.PNG,2010:08:04 15:21:31
D9945A67-471E-41C1-8819-B9FD58AB5940.jpg,2003:02:14 04:35:58
IMG_3728.PNG,2003:05:16 09:55:08
IMG_7562.PNG,2013:09:23 17:31:57
IMG_4094.PNG,2014:04:18 04:03:47
IMG_4057.JPG,2014:05:17 17:01:17
IMG_4137.JPG,2020:12:18 21:49:09
IMG_2793.PNG,2016:03:22 15:14:13
A2C3C827-190B-40CD-B8BC-E2BCDA1E5C9A.jpg,2019:12:27 17:39:34
IMG_7614.JPG,2017:01:07 21:36:55
D09B0B24-2709-4902-8431-DB44C89D5204.jpg,2014:12:15 12:57:50
IMG_4136.PNG,2020:09:08 09:39:54
IMG_2792.PNG,2022:04:19 23:43:01
IMG_4095.PNG,2021:04:06 09:11:02
IMG_7205.PNG,2002:11:26 15:06:24
IMG_7561.PNG,2002:01:22 19:49:23
IMG_7207.JPG,2021:08:05 00:03:13
IMG_3115.JPG,2010:11:06 07:17:48
36A77319-AE38-4E6D-A73F-078D12B58F55.jpg,2011:03:06 21:05:17
9873E887-11C5-4F1C-967F-595141E87E5C.jpg,2004:08:12 16:07:54
A9CE28EE-F696-475C-9BFA-280F1C3FEBB9.jpg,2014:11:10 18:01:08
IMG_7616.JPG,2022:09:14 17:15:44
38EEC23C-AE0D-4553-A3D4-BEF72F53805B.jpg,2018:01:21 11:34:55
C47553F0-67C1-44AC-9737-C6286F18243B.jpg,2007:06:11 18:02:48
IMG_3114.JPG,2002:07:20 05:18:07
IMG_7548.JPG,2017:02:01 15:10:18
IMG_6656.JPG,2022:04:19 21:57:14
IMG_4096.JPG,2001:05:13 05:04:26
IMG_7004.PNG,2011:07:06 04:07:44
IMG_4257.JPG,2000:11:13 06:14:54
dc2a095d-42ac-4ef3-a0db-96558c6afb85.jpg,2006:01:22 21:37:48
IMG_7560.PNG,2003:03:02 16:48:02
IMG_4266.JPG,2022:01:09 16:17:39
IMG_4306.PNG,2011:03:02 04:20:19
IMG_4139.JPG,2001:12:13 10:57:48
1675b79a-10e3-4231-a93d-42d3dbfd34c4.jpg,2006:06:27 22:35:21
IMG_3695.JPG,2015:11:07 23:57:30
IMG_4298.JPG,2004:02:23 09:15:18
IMG_4265.JPG,2009:07:05 17:57:03
IMG_4305.PNG,2020:03:12 12:25:53
IMG_4339.JPG,2021:12:16 16:09:46
IMG_4304.PNG,2012:09:20 13:27:09
IMG_3721.JPG,2016:11:11 14:28:33
3DC5A54F-029E-44B7-9515-BEE40DEA8B55.jpg,2021:09:22 13:35:45
IMG_4248.PNG,2016:12:03 23:02:53
IMG_3693.JPG,2004:12:24 15:18:03
FDA25D0F-CD23-4202-ACCE-99D71F5AE340.jpg,2019:09:09 05:41:10
IMG_4263.JPG,2011:02:02 18:44:50
IMG_4276.JPG,2021:08:17 07:52:32
adc574c8-4b25-4115-8fb3-5b301831e25b.jpg,2008:06:23 01:38:36
IMG_3768.JPG,2004:02:08 05:31:17
IMG_4198.JPG,2021:12:13 15:13:46
IMG_4365.JPG,2010:07:29 06:34:55
IMG_4359.JPG,2000:12:16 04:31:42
IMG_4199.JPG,2021:12:13 15:13:46
70c8c813-2671-41e9-b41d-cf895e586a11.jpg,2020:11:10 07:12:44
IMG_4363.JPG,2003:02:20 04:25:43
IMG_4362.JPG,2006:08:14 06:27:04
CD5EC678-B61C-4B0D-8053-8C85ABBD71F6.jpg,2021:12:15 18:03:51
IMG_3753.JPG,2012:03:20 13:47:23
IMG_4200.JPG,2021:12:13 15:13:46
bf06226e-03f0-49e6-b051-0adb2bbcd9a7.jpg,2015:10:28 20:24:15
D8C14328-CD4B-497B-ACA9-3EFA2D98EB3D.jpg,2021:12:16 18:53:54
24f901a0-cad2-4d0d-9903-15592c14b88a.jpg,2022:03:25 22:34:21
IMG_4162.PNG,2001:04:27 11:55:10
IMG_4348.JPG,2021:12:16 16:09:47
IMG_4406.JPG,2022:01:12 18:30:42
IMG_4360.JPG,2017:02:02 23:47:32
IMG_4407.JPG,2017:03:17 12:59:49
IMG_4361.JPG,2016:07:28 13:08:19
IMG_4191.JPG,2021:12:13 15:13:45
IMG_4344.JPG,2021:12:16 16:09:46
IMG_4351.JPG,2021:06:24 02:49:08
IMG_4345.JPG,2021:12:16 16:09:46
72c0bd82-f0ed-4075-b287-5042180a7686.jpg,2022:10:18 06:27:38
IMG_4192.JPG,2021:12:13 15:13:45
IMG_4347.JPG,2021:12:16 16:09:46
IMG_4409.JPG,2014:03:11 22:14:07
IMG_4408.JPG,2005:09:03 18:49:24
IMG_4346.JPG,2021:12:16 16:09:46
IMG_4178.JPG,2001:03:07 08:30:48
IMG_4193.JPG,2021:12:13 15:13:45
IMG_4236.PNG,2013:09:27 12:58:57
IMG_4197.JPG,2021:12:13 15:13:46
IMG_4140.JPG,2013:07:11 06:00:51
IMG_4154.PNG,2017:06:12 10:53:11
280BBBEB-CA90-46C4-9BD4-38514884545D.jpg,2021:12:15 22:45:52
IMG_4342.JPG,2021:12:16 16:09:46
IMG_4343.JPG,2021:12:16 16:09:46
IMG_4141.JPG,2019:09:15 22:06:47
IMG_4196.JPG,2021:12:13 15:13:46
IMG_4194.JPG,2021:12:13 15:13:45
IMG_4143.JPG,2010:10:09 03:32:17
B394E277-B03B-4DF4-942D-67197A50E4E2.jpg,2014:06:09 12:41:56
IMG_4341.JPG,2021:12:16 16:09:46
IMG_4340.JPG,2021:12:16 16:09:46
IMG_4142.JPG,2019:06:06 00:06:07
IMG_4195.JPG,2021:12:13 15:13:45
IMG_3765.PNG,2020:05:05 21:25:34
IMG_4290.JPG,2021:09:30 18:49:02
IMG_4131.JPG,2020:04:30 01:43:32
IMG_4327.JPG,2006:12:20 04:03:18
d908726e-19a9-4871-9164-d60549256e19.jpg,2022:02:14 00:00:43
IMG_4326.JPG,2014:09:14 07:12:57
IMG_3663.JPG,2014:10:09 14:53:35
IMG_4291.JPG,2013:11:30 19:02:09
IMG_4287.JPG,2008:06:17 21:20:39
IMG_4293.JPG,2009:09:24 16:46:45
IMG_4324.PNG,2019:02:04 18:22:02
IMG_4318.JPG,2008:11:21 18:11:50
IMG_4297.JPG,2005:04:21 20:48:00
IMG_3854.JPG,2002:07:16 00:57:36
IMG_4280.JPG,2022:01:17 15:36:06
IMG_4294.JPG,2004:09:09 10:34:51
IMG_0432.jpeg,2015:07:19 23:06:08
IMG_0424.jpeg,2015:07:19 23:03:29
IMG_0074.jpeg,2015:03:21 12:17:14
IMG_0023.jpeg,2015:02:11 19:16:31
IMG_0189.jpeg,2015:05:31 18:34:22
IMG_0019.jpeg,2015:02:11 19:16:14
IMG_0214.jpeg,2015:06:13 11:28:14
IMG_0490.jpeg,2015:09:28 07:38:28
IMG_0054.jpeg,2015:02:11 21:44:22
IMG_0385.jpeg,2015:07:17 15:36:04
IMG_0002.jpeg,2015:01:27 15:49:39
IMG_0215.jpeg,2015:06:13 11:28:54
IMG_0429.jpeg,2015:07:19 23:05:37
IMG_0080.jpeg,2015:03:21 12:20:18
IMG_0192.jpeg,2015:05:31 22:34:17
IMG_0018.jpeg,2015:02:11 19:16:09
IMG_0167.jpeg,2015:05:30 16:01:26
IMG_0171.jpeg,2015:05:30 16:02:49
IMG_0029.jpeg,2015:02:11 19:18:34
IMG_0245.jpeg,2015:06:13 12:23:44
IMG_0044.jpeg,2015:02:11 21:35:10
IMG_0434.jpeg,2015:07:19 23:06:25
IMG_0530.jpeg,2015:10:19 18:10:20
IMG_0049.jpeg,2015:02:11 21:43:09
IMG_0248.jpeg,2015:06:13 12:25:09
IMG_0073.jpeg,2015:03:21 12:16:11
IMG_0462.jpeg,2015:09:24 07:18:44
IMG_0383.jpeg,2015:07:17 15:31:54
IMG_0116.jpeg,2015:04:24 17:49:40
IMG_0182.jpeg,2015:05:31 16:05:07
IMG_0478.jpeg,2015:09:24 15:18:31
IMG_0706.jpeg,2015:12:19 09:58:25
IMG_0069.jpeg,2015:03:21 12:14:22
IMG_0194.jpeg,2015:05:31 22:34:25
IMG_0011.jpeg,2015:02:10 21:02:11
IMG_0379.jpeg,2015:07:17 15:29:59
IMG_0050.jpeg,2015:02:11 21:43:19
IMG_0181.jpeg,2015:05:31 16:05:03
IMG_0178.jpeg,2015:05:30 22:00:45
IMG_0158.jpeg,2015:05:19 21:15:13
IMG_0420.jpeg,2015:07:19 23:02:42
IMG_0070.jpeg,2015:03:21 12:14:51
IMG_0461.jpeg,2015:09:23 17:44:46
IMG_0031.jpeg,2015:02:11 19:18:35
IMG_0175.jpeg,2015:05:30 21:58:46
IMG_0067.jpeg,2015:03:02 15:51:32
IMG_0071.jpeg,2015:03:21 12:15:33
IMG_0476.jpeg,2015:09:24 15:03:08
IMG_0159.jpeg,2015:05:19 21:16:06
IMG_0180.jpeg,2015:05:31 16:03:47
IMG_0246.jpeg,2015:06:13 12:24:00
IMG_0114.jpeg,2015:04:24 17:49:11
IMG_0051.jpeg,2015:02:11 21:43:51
IMG_0378.jpeg,2015:07:17 15:29:48
IMG_0047.jpeg,2015:02:11 21:36:45
IMG_0417.jpeg,2015:07:19 23:01:33
IMG_0426.jpeg,2015:07:19 23:03:36
IMG_0076.jpeg,2015:03:21 12:17:23
IMG_0488.jpeg,2015:09:28 07:37:49
IMG_0172.jpeg,2015:05:30 16:03:12
IMG_0282.jpeg,2015:06:26 12:29:54
IMG_0216.jpeg,2015:06:13 11:29:23
IMG_0200.jpeg,2015:06:01 16:04:49
IMG_0201.jpeg,2015:06:01 16:05:21
IMG_0094.jpeg,2015:03:27 21:34:05
IMG_0217.jpeg,2015:06:13 11:29:43
IMG_0186.jpeg,2015:05:31 18:33:42
IMG_0057.jpeg,2015:02:11 21:51:28
IMG_0489.jpeg,2015:09:28 07:38:08
IMG_0061.jpeg,2015:02:21 11:09:05
IMG_0431.jpeg,2015:07:19 23:05:55
IMG_0098.jpeg,2015:03:27 21:37:06
IMG_4070.PNG,2020:02:14 15:26:18
IMG_4058.PNG,2017:11:25 21:57:38
IMG_4514.PNG,2003:06:27 05:55:47
IMG_2398.JPG,2022:07:19 23:51:02
IMG_2401.JPG,2022:07:19 23:51:09
IMG_4689.PNG,2016:08:27 13:01:58
IMG_4893.PNG,2016:07:20 02:06:28
IMG_2400.JPG,2022:07:19 23:51:09
IMG_2399.JPG,2022:07:19 23:51:02
IMG_3905.PNG,2015:11:10 23:34:09
IMG_4059.PNG,2018:05:29 04:56:57
IMG_4071.PNG,2016:07:01 04:53:10
IMG_4073.PNG,2012:01:13 12:56:11
de92b373-c9dc-4015-9ab3-b76de47ad348.jpg,2001:11:23 03:08:11
8F2623B4-E1F6-47A4-A455-9E2355248E20.jpg,2022:07:20 06:00:37
IMG_2402.JPG,2022:07:19 23:51:09
f323faed-53ad-49f1-88f9-d65d78b9d3fc.jpg,2021:11:06 22:20:38
IMG_4304.JPG,2021:02:13 09:26:45
IMG_2403.JPG,2022:07:19 23:51:09
FB17329A-F394-46F5-9F26-BBD01002988A.JPG,2022:10:04 11:19:37
IMG_4072.PNG,2002:09:24 16:36:51
IMG_3916.PNG,2000:07:03 03:55:29
IMG_4248.PNG,2008:06:18 05:18:15
IMG_2407.JPG,2022:07:19 23:51:09
IMG_4499.PNG,2016:04:09 21:23:33
8d7b20c9-bd2b-4fab-b946-e96cd0f279c0.jpg,2011:03:12 04:59:11
IMG_4498.PNG,2011:09:14 17:54:13
IMG_4301.PNG,2018:10:20 05:15:04
IMG_2406.JPG,2022:07:19 23:51:09
IMG_4513.PNG,2008:06:11 09:13:50
IMG_4088.JPG,2021:04:05 05:28:19
IMG_3917.PNG,2012:08:09 14:05:10
6e26e804-760c-425f-935c-f3c02a245fff.jpg,2009:01:13 12:22:53
IMG_4061.PNG,2009:09:28 07:39:13
IMG_3915.PNG,2019:07:25 09:52:16
IMG_4539.PNG,2011:07:07 18:22:51
IMG_2404.JPG,2022:07:19 23:51:09
IMG_2405.JPG,2022:07:19 23:51:09
IMG_4538.PNG,2017:09:22 05:19:08
e041cc45-72b9-4357-a82f-aaf3c92c487d.jpg,2016:12:16 02:38:03
IMG_4074.PNG,2008:04:13 12:19:29
8fd379b8-ee7d-4138-82e4-0de04f47d900.jpg,2020:09:25 23:49:13
D7503E42-4A55-4F4C-9077-2026BEACE6F0.jpg,2022:10:04 22:25:00
IMG_4013.JPG,2015:07:31 07:46:19
IMG_3998.JPG,2012:05:19 12:49:41
92e0b5af-8d12-4716-b3aa-224f3f08b744.jpg,2012:02:14 06:22:27
28D5D5F0-F5BF-4EA4-B9BC-2DC73472449F.JPG,2022:10:04 17:36:12
5b8e89ff-f0d9-4ea6-8def-eae1525dd6cd.jpg,2002:07:18 06:28:48
8139300D-2462-4D68-B819-9E7BAE2E8088.jpg,2022:09:28 17:40:47
IMG_4217.JPG,2016:09:03 06:14:40
IMG_3975.PNG,2020:06:09 20:10:35
IMG_4029.JPG,2005:03:17 18:41:56
IMG_4015.JPG,2010:01:22 00:21:38
2b35809d-888e-4f00-aa52-e59333108a1b.jpg,2006:12:17 18:43:36
d0f9871c-0ae1-4fa9-8ff0-d183331b2268.jpg,2004:10:21 10:53:22
IMG_4014.JPG,2022:09:24 04:19:25
IMG_4028.JPG,2014:06:21 00:29:32
IMG_3976.PNG,2019:01:31 02:29:19
IMG_4016.JPG,2010:12:20 02:42:56
abdd5819-9794-47e1-92b9-dfa2198e0cb4.jpg,2017:06:21 10:34:10
IMG_4361.JPG,2015:08:07 20:18:29
IMG_3977.PNG,2016:09:08 20:14:37
84f372d6-629d-48a1-b8d2-5e1ed6ac3433.jpg,2008:07:20 02:55:29
2d949b16-f6e9-44be-9fe7-833469e44b80.jpg,2012:03:30 18:32:17
IMG_4032.JPG,2019:10:07 17:55:53
IMG_4026.JPG,2011:11:17 21:19:19
IMG_4386.JPG,2018:06:06 01:56:56
IMG_4027.JPG,2007:01:23 23:10:25
IMG_4033.JPG,2015:02:23 04:45:25
IMG_4219.PNG,2003:05:27 10:33:52
IMG_3953.PNG,2003:04:27 02:12:48
e91eae33-c0da-4585-85a7-516a64f5f5e1.jpg,2011:06:05 04:37:46
A23DB763-F6F6-427F-A41C-FA5A1BBCEA3F.jpg,2011:05:23 02:21:14
528c7cb2-2da6-4fbe-a5a6-af3d4a9a1d91.jpg,2021:04:12 17:09:35
IMG_4964.JPG,2022:09:24 15:23:21
IMG_4025.JPG,2013:07:13 17:36:37
IMG_4031.JPG,2006:12:22 03:10:02
IMG_4019.JPG,2015:09:02 21:51:40
IMG_4838.JPG,2012:04:23 08:08:00
bc200745-a1cf-4e08-8acf-5054fe25f4fa.jpg,2001:11:29 11:35:29
bd6d5257-4126-424c-a361-5218c880ccb3.jpg,2003:07:20 22:35:08
IMG_4385.JPG,2001:11:15 11:01:12
IMG_4030.JPG,2002:03:26 10:24:13
IMG_4544.PNG,2012:02:16 05:03:38
IMG_4020.JPG,2012:01:11 09:28:17
IMG_4034.JPG,2021:06:21 21:35:03
79524.JPEG,2013:11:09 15:27:31
IMG_4801.PNG,2009:04:18 09:33:59
310cd4d5-ee9b-4e26-b4fe-af9dc6288785.jpg,2010:05:16 05:20:18
IMG_4021.JPG,2006:11:17 12:13:19
IMG_3955.JPG,2015:05:29 10:54:04
IMG_4784.PNG,2001:09:19 14:20:50
IMG_4962.JPG,2014:07:02 02:36:12
IMG_4786.JPG,2017:09:07 07:50:10
IMG_3957.JPG,2002:09:23 00:10:29
ea498ce6-acc7-4890-b836-b50251915ce9.jpg,2018:05:10 20:20:45
IMG_4023.JPG,2013:08:19 22:45:07
IMG_4022.JPG,2010:02:23 19:13:00
IMG_3956.JPG,2011:12:13 17:11:57
IMG_4546.PNG,2003:04:15 01:09:37
IMG_4963.JPG,2011:04:23 13:12:48
IMG_4220.JPG,2006:07:26 09:03:24
IMG_4079.PNG,2000:07:03 08:03:23
IMG_3919.PNG,2016:01:09 05:21:06
IMG_4521.PNG,2005:06:27 19:11:09
IMG_2408.JPG,2022:07:19 23:51:10
07F030CE-1C8B-4C9F-BDEB-18D0027D1AD8.jpg,2022:10:08 12:54:46
IMG_4497.PNG,2003:02:06 10:26:38
IMG_2409.JPG,2022:07:19 23:51:10
IMG_3924.JPG,2006:05:07 03:23:51
IMG_4520.PNG,2021:11:30 00:30:47
IMG_4736.PNG,2000:02:14 15:50:05
8D0ABB55-2DB1-496B-AF3C-CC384E10B66A.jpg,2022:10:15 18:54:42
IMG_4250.JPG,2019:08:12 02:52:20
IMG_4084.JPG,2010:02:04 02:22:17
IMG_4537.PNG,2009:08:04 13:01:17
IMG_4251.JPG,2004:04:01 19:47:19
IMG_4057.PNG,2012:08:14 02:57:17
IMG_4043.PNG,2004:06:04 14:36:09
IMG_3923.PNG,2011:06:06 16:37:24
IMG_2397.JPG,2022:07:19 23:51:02
IMG_2396.JPG,2022:07:19 23:51:02
IMG_3922.PNG,2020:11:05 05:39:51
9b49925d-4490-4d13-a254-fa04a5ad5e95.jpg,2019:09:12 13:09:05
IMG_4518.PNG,2013:09:03 21:03:26
IMG_4524.PNG,2009:04:08 22:48:14
IMG_4530.PNG,2013:04:09 18:59:14
IMG_4108.JPG,2006:07:21 07:44:26
IMG_4690.PNG,2015:01:22 10:49:01
a6b88e99-fdb3-4c9a-ba79-d60581428548.jpg,2009:11:20 15:33:41
F5716661-96F6-4706-ACCA-50E7617CCC85.jpg,2022:07:20 06:37:19
D3B95261-3685-4167-BCA7-094E23B6D3AA.jpg,2022:10:21 11:18:11
IMG_2395.JPG,2022:07:19 23:51:02
IMG_4525.PNG,2016:08:20 18:30:31
IMG_4519.PNG,2009:04:30 23:05:26
IMG_3921.PNG,2002:12:27 17:40:54
82fd5d1c-9dfb-4020-81dc-0b8993695d00.jpg,2004:05:24 00:45:00
IMG_4069.PNG,2001:06:16 22:14:22
IMG_1274.jpeg,2016:10:07 13:10:00
IMG_1075.jpeg,2016:06:02 17:25:06
IMG_1560.jpeg,2016:10:25 17:23:31
IMG_1188.jpeg,2016:07:03 13:42:48
IMG_1043.jpeg,2016:06:01 15:56:57
IMG_0869.jpeg,2016:04:08 19:47:05
IMG_1079.jpeg,2016:06:02 18:05:23
IMG_1096.jpeg,2016:06:23 13:37:49
IMG_1254.jpeg,2016:07:06 16:11:29
IMG_1716.jpeg,2016:12:24 17:16:21
IMG_1080.jpeg,2016:06:02 18:06:33
IMG_1081.jpeg,2016:06:02 18:06:41
IMG_1717.jpeg,2016:12:24 17:17:48
IMG_1255.jpeg,2016:07:06 16:11:33
IMG_1243.jpeg,2016:07:06 16:07:39
IMG_1582.jpeg,2016:10:26 16:08:38
IMG_1078.jpeg,2016:06:02 18:05:12
IMG_1097.jpeg,2016:06:23 13:38:51
IMG_0813.jpeg,2016:03:09 10:01:44
IMG_1557.jpeg,2016:10:25 17:23:12
IMG_1648.jpeg,2016:11:25 21:18:33
IMG_1561.jpeg,2016:10:25 17:24:03
IMG_0872.jpeg,2016:04:08 19:47:54
IMG_1244.jpeg,2016:07:06 16:07:40
IMG_1182.jpeg,2016:07:03 13:38:17
IMG_1252.jpeg,2016:07:06 16:10:56
IMG_0947.jpeg,2016:04:30 16:03:22
IMG_1008.jpeg,2016:05:24 17:42:53
IMG_1566.jpeg,2016:10:26 16:05:56
IMG_1248.jpeg,2016:07:06 16:08:51
IMG_1570.jpeg,2016:10:26 16:06:28
IMG_1249.jpeg,2016:07:06 16:09:29
IMG_1567.jpeg,2016:10:26 16:06:11
IMG_1273.jpeg,2016:10:07 13:09:38
IMG_1087.jpeg,2016:06:02 18:14:27
IMG_0946.jpeg,2016:04:30 16:03:12
IMG_1253.jpeg,2016:07:06 16:10:59
IMG_1245.jpeg,2016:07:06 16:07:54
IMG_1269.jpeg,2016:10:01 14:21:26
IMG_0839.jpeg,2016:03:20 16:11:00
IMG_1044.jpeg,2016:06:01 15:57:03
IMG_1084.jpeg,2016:06:02 18:13:14
IMG_0945.jpeg,2016:04:30 16:02:25
IMG_1196.jpeg,2016:07:06 13:49:09
IMG_1250.jpeg,2016:07:06 16:09:30
IMG_1180.jpeg,2016:07:03 13:37:01
IMG_1246.jpeg,2016:07:06 16:08:34
IMG_1006.jpeg,2016:05:24 17:41:23
IMG_1088.jpeg,2016:06:02 18:15:27
IMG_1564.jpeg,2016:10:25 18:43:59
IMG_1071.jpeg,2016:06:02 17:21:20
IMG_1565.jpeg,2016:10:25 18:45:51
IMG_1089.jpeg,2016:06:02 18:15:42
IMG_0948.jpeg,2016:04:30 16:03:31
IMG_1007.jpeg,2016:05:24 17:42:37
IMG_1569.jpeg,2016:10:26 16:06:21
IMG_0840.jpeg,2016:03:20 16:11:23
IMG_1247.jpeg,2016:07:06 16:08:36
IMG_1181.jpeg,2016:07:03 13:37:19
IMG_1251.jpeg,2016:07:06 16:10:54
IMG_0944.jpeg,2016:04:30 16:02:01
IMG_1718.jpeg,2016:12:24 17:19:58
IMG_1574.jpeg,2016:10:26 16:06:55
IMG_1098.jpeg,2016:06:23 13:41:50
IMG_1562.jpeg,2016:10:25 17:24:37
IMG_0867.jpeg,2016:04:08 19:46:45
IMG_1558.jpeg,2016:10:25 17:23:18
IMG_0871.jpeg,2016:04:08 19:47:41
IMG_1082.jpeg,2016:06:02 18:07:05
IMG_1578.jpeg,2016:10:26 16:07:15
IMG_1186.jpeg,2016:07:03 13:40:33
IMG_1240.jpeg,2016:07:06 16:05:11
IMG_1581.jpeg,2016:10:26 16:08:35
IMG_0810.jpeg,2016:03:09 09:47:46
IMG_0892.jpeg,2016:04:21 21:54:01
IMG_1095.jpeg,2016:06:14 14:17:26
IMG_1580.jpeg,2016:10:26 16:08:05
IMG_1241.jpeg,2016:07:06 16:05:29
IMG_0779.jpeg,2016:02:11 22:36:04
IMG_0780.jpeg,2016:02:11 22:36:56
IMG_1083.jpeg,2016:06:02 18:07:16
IMG_1579.jpeg,2016:10:26 16:07:43
IMG_0870.jpeg,2016:04:08 19:47:19
IMG_1559.jpeg,2016:10:25 17:23:24
IMG_1563.jpeg,2016:10:25 17:24:39
IMG_1719.jpeg,2016:12:24 17:20:15
IMG_9232.PNG,2017:07:15 15:25:46
IMG_0570.PNG,2009:07:07 07:06:23
IMG_9030.JPG,2005:01:27 21:42:12
3BE987C0-117D-486A-A01A-12E3AFC1C988.jpg,2007:02:17 10:14:47
IMG_4931.PNG,2004:05:16 03:18:46
34E1EF59-7733-4246-84CC-CC5487A9CB97.jpg,2011:01:28 15:02:15
IMG_9018.PNG,2004:10:12 14:12:49
IMG_8312.PNG,2021:10:07 18:32:30
IMG_0202.JPG,2006:08:06 09:17:04
IMG_0388.PNG,2019:07:05 12:07:04
IMG_8930.PNG,2018:04:06 14:03:59
IMG_5233.JPG,2011:04:11 20:42:36
DF046C32-4B57-48A5-B49C-6B762C771962.jpg,2020:10:10 13:21:49
IMG_0613.PNG,2017:03:18 08:32:56
IMG_0203.JPG,2020:08:26 11:05:58
IMG_8475.PNG,2015:02:24 04:07:09
5A6803CF-2267-4D4A-B7E3-BBE41D75BC44.jpg,2016:05:12 07:50:04
IMG_4930.PNG,2014:01:24 00:16:03
IMG_9025.JPG,2010:05:24 14:14:35
IMG_8677.PNG,2006:10:21 19:47:42
IMG_9033.JPG,2022:10:29 14:29:01
IMG_0201.JPG,2000:11:29 11:27:03
C34717B2-31FC-41E5-A051-0C0C2F44B980.jpg,2004:05:24 15:12:55
IMG_8932.PNG,2007:10:29 05:28:57
IMG_9350.PNG,2018:03:17 07:48:11
648D5F00-269A-40F9-BA57-95B0B608FF52.jpg,2017:03:17 13:50:45
IMG_4338.PNG,2011:07:06 06:09:23
IMG_5026.PNG,2013:05:16 05:48:21
IMG_0200.JPG,2019:05:12 23:37:30
IMG_8310.PNG,2012:09:24 20:27:30
IMG_8476.JPG,2009:09:23 11:58:12
IMG_0599.PNG,2006:03:24 11:21:01
IMG_0210.PNG,2021:06:01 14:40:35
AD7E69DF-8637-4092-BD4C-A33EFE5E2954.jpg,2020:12:02 12:06:07
IMG_8658.PNG,2013:11:11 13:10:34
IMG_8670.JPG,2005:08:13 13:46:41
IMG_4472.PNG,2018:12:29 20:13:58
IMG_5234.JPG,2015:02:28 09:39:44
3FB97B61-9009-4D8C-A375-612EB2723AE9.jpg,2011:12:03 15:04:40
IMG_9354.PNG,2018:06:02 16:48:02
8EF51176-EB42-4370-A0F4-935F26A19EBB.jpg,2018:09:22 03:13:18
IMG_5235.PNG,2016:08:16 20:04:13
IMG_0198.JPG,2020:08:08 21:41:00
IMG_0629.PNG,2007:09:05 20:30:49
FA4AB798-8315-42D9-9CE3-8AA406BF5D3D.jpg,2015:11:06 02:59:18
IMG_4936.PNG,2000:01:01 21:45:48
ECC24FA8-1CF3-4826-B961-1CDC71EC86C7.jpg,2017:10:12 22:17:19
DAD6AC9D-9810-4135-AEA8-24F5EEE333D1.jpg,2020:11:23 20:02:36
IMG_9747.PNG,2015:09:26 22:35:23
A6396F79-B229-4570-BDF7-F4DE4479482D.jpg,2004:06:20 00:21:32
IMG_9380.JPG,2014:12:24 17:22:16
IMG_0617.JPG,2009:07:23 22:22:15
IMG_9381.JPG,2022:01:28 22:14:21
IMG_9168.PNG,2016:04:11 18:17:31
IMG_9785.PNG,2021:06:15 20:17:33
IMG_8855.PNG,2006:03:10 01:37:09
48df61e2-4a91-465a-8bf5-533923858bec.jpg,2011:09:05 06:26:17
IMG_0261.PNG,2019:06:11 03:58:02
IMG_9906.JPG,2009:05:08 00:46:21
IMG_8826.PNG,2018:05:09 20:03:20
IMG_8417.JPG,2000:11:13 11:30:59
B11D640C-087E-4CD4-8567-DA69CC720ECB.jpg,2017:08:23 01:14:00
IMG_0513.JPG,2020:12:29 17:19:07
IMG_0507.JPG,2020:12:29 17:19:06
IMG_0498.JPG,2020:12:29 17:18:45
IMG_4371.JPG,2018:01:06 16:27:07
IMG_5046.JPG,2014:05:12 19:09:21
IMG_9654.JPG,2017:06:02 20:14:50
IMG_0314.JPG,2007:02:11 05:57:46
IMG_0499.JPG,2020:12:29 17:18:45
IMG_9907.PNG,2022:11:05 13:14:25
IMG_0506.JPG,2020:12:29 17:19:06
IMG_0512.JPG,2020:12:29 17:19:07
IMG_8416.JPG,2013:03:15 09:57:10
IMG_9293.PNG,2007:07:15 04:10:08
ECE91F9C-04C8-4D15-B677-FAC1D659BE86.jpg,2020:04:05 20:48:32
IMG_9913.JPG,2019:06:19 22:05:56
IMG_4984.PNG,2010:03:08 22:39:44
IMG_0274.PNG,2015:10:17 11:38:15
IMG_0260.PNG,2010:11:11 19:00:32
IMG_9939.JPG,2012:12:05 03:14:45
IMG_9087.JPG,2012:08:01 04:08:50
IMG_0262.PNG,2012:03:19 00:20:33
IMG_9291.PNG,2008:12:17 14:04:58
66A44DB2-D531-4FB0-B327-AD33E641DC36.jpg,2000:10:14 08:51:11
IMG_9044.PNG,2011:07:05 15:21:56
IMG_0504.JPG,2020:12:29 17:18:45
IMG_0510.JPG,2020:12:29 17:19:07
IMG_5044.PNG,2018:06:01 04:45:22
IMG_9440.JPG,2014:10:24 00:12:31
IMG_9332.PNG,2004:07:12 11:18:45
IMG_8206.JPG,2007:08:04 01:23:42
IMG_9657.JPG,2005:01:19 02:05:23
IMG_9441.JPG,2010:10:09 19:34:49
IMG_9327.JPG,2013:01:06 13:15:51
B9DAD5C6-5116-468B-B990-AED4A0B31015.jpg,2020:11:29 16:16:35
IMG_8207.PNG,2011:08:26 08:16:12
IMG_0511.JPG,2020:12:29 17:19:07
IMG_0505.JPG,2020:12:29 17:18:45
97221BA8-70A0-490D-9D95-DB45EC4A337F.jpg,2001:07:08 02:29:34
IMG_9045.PNG,2002:04:30 19:30:07
IMG_8824.PNG,2020:03:03 19:30:11
IMG_9290.PNG,2004:06:21 15:12:35
IMG_9910.JPG,2021:10:16 00:12:19
IMG_4983.PNG,2004:07:06 21:48:48
IMG_9928.JPG,2003:01:10 18:56:50
IMG_9294.PNG,2008:02:13 06:23:22
5A3051B8-9C5C-47EF-B32A-35AD8CC38B0C.jpg,2015:02:08 12:14:38
75A81292-7CF8-4AAB-980A-0408ECAF24E3.jpg,2013:12:07 22:04:13
IMG_0501.JPG,2020:12:29 17:18:45
IMG_0515.JPG,2020:12:29 17:19:07
IMG_0111.PNG,2018:08:26 03:25:22
IMG_8559.JPG,2012:07:31 07:18:10
IMG_9487.PNG,2018:10:08 03:40:01
IMG_9108.JPG,2007:08:01 06:31:08
724C54D5-9C9A-446E-8A7A-5ED5220D1751.jpg,2008:02:02 15:39:58
IMG_0514.JPG,2020:12:29 17:19:07
IMG_0500.JPG,2020:12:29 17:18:45
9D7E6F23-B809-4DC1-9D35-EE5A9F3875C2.jpg,2020:05:15 16:51:46
IMG_8438.JPG,2008:06:27 19:44:01
IMG_9068.JPG,2002:05:27 11:37:06
IMG_0058.JPG,2018:07:13 19:46:03
IMG_9929.JPG,2007:10:03 10:11:10
IMG_9097.JPG,2004:01:01 03:11:42
2BAEF801-DDE2-4AC5-90DE-8C5751DFC4C2.jpg,2020:11:23 20:01:57
IMG_9917.JPG,2015:01:04 12:11:00
AD3828D9-CE9D-40A5-81E3-BA1EB96812F8.jpg,2020:10:15 20:35:11
IMG_0502.JPG,2020:12:29 17:18:45
D015098E-22CE-4364-91EF-CCABD28063F6.jpg,2020:03:21 01:36:43
IMG_9485.JPG,2012:05:27 00:35:48
1145A29D-D996-43F3-ACE8-210CC634E4AA.jpg,2020:12:13 16:02:12
IMG_4348.JPG,2015:11:11 13:16:50
IMG_0311.PNG,2016:03:13 17:42:23
IMG_9484.JPG,2017:10:01 16:12:22
IMG_0113.PNG,2020:02:16 20:35:58
IMG_9137.PNG,2003:04:22 16:13:30
IMG_0503.JPG,2020:12:29 17:18:45
IMG_0259.PNG,2015:06:25 19:40:42
195D4C3D-E65D-4125-B761-79A9019F1024.jpg,2007:04:15 14:38:35
IMG_5884.JPG,2008:09:30 06:24:53
EC129AAA-6C92-4B91-BEB0-96096585FAEA.jpg,2007:09:09 20:13:29
IMG_8436.PNG,2019:11:11 06:20:10
IMG_0485.JPG,2022:02:05 21:13:14
IMG_8740.JPG,2022:03:05 02:56:02
IMG_0452.PNG,2003:04:26 06:19:59
IMG_9112.JPG,2017:03:12 04:05:01
6CF15507-5A56-405F-A54C-E3001469A02B.jpg,2001:02:03 02:55:12
e30a6a5f-8b29-4a0a-936c-45a55030d94d.jpg,2020:12:19 07:54:11
246DE505-5E26-443D-BFB2-BFDB0A44BFF0.jpg,2020:12:09 01:22:01
IMG_0527.JPG,2016:12:28 20:34:27
IMG_8437.PNG,2020:12:28 02:04:16
IMG_8423.PNG,2004:04:01 07:32:53
IMG_0282.JPG,2004:04:14 03:46:25
IMG_5885.JPG,2007:09:25 18:06:25
IMG_9067.JPG,2011:11:03 06:09:10
IMG_0043.JPG,2008:01:15 20:08:09
IMG_8812.PNG,2004:10:13 16:18:53
IMG_9926.JPG,2011:01:04 02:44:25
IMG_8635.PNG,2003:06:08 11:17:06
IMG_9918.JPG,2009:11:03 01:55:06
IMG_0082.JPG,2002:03:04 19:08:35
IMG_0243.PNG,2019:10:02 05:53:43
IMG_5663.JPG,2017:02:27 08:23:31
IMG_4964.JPG,2019:08:28 01:38:27
IMG_0525.JPG,2006:07:22 21:44:13
IMG_0531.JPG,2020:10:04 00:47:01
3CD876F0-4D39-407F-93EA-134B592262D9.jpg,2020:11:24 20:45:45
IMG_0109.PNG,2008:07:29 13:49:17
E7902C15-A1CD-4F90-A9D1-E385446EDA7B.jpg,2012:10:04 04:39:12
IMG_9110.JPG,2014:05:01 18:52:33
IMG_0322.JPG,2022:08:21 20:03:05
IMG_4971.JPG,2011:09:17 12:23:26
IMG_8420.JPG,2003:03:20 20:08:16
IMG_9500.PNG,2009:02:28 16:14:26
IMG_0242.PNG,2008:02:24 17:18:23
8E93E471-E2AD-4728-B90C-2E421354CFEA.jpg,2006:10:31 18:52:13
IMG_9919.JPG,2002:02:20 05:55:13
IMG_0083.JPG,2012:04:02 08:07:06
IMG_8424.PNG,2016:02:15 19:07:37
IMG_0285.JPG,2002:06:18 22:09:46
IMG_0508.JPG,2020:12:29 17:19:07
IMG_0118.PNG,2021:01:11 13:18:36
IMG_0497.JPG,2020:12:29 17:18:44
6D35AB0C-108B-49C9-B03C-72C479764714.jpg,2004:06:24 12:36:36
IMG_5276.PNG,2016:02:06 04:14:32
6FA3D59D-224F-4F3F-8C3A-C1F5ED058515.jpg,2007:05:07 13:41:23
IMG_0440.PNG,2009:10:12 03:42:46
35C4E71B-167B-4692-909B-4F683E67D13F.jpg,2020:12:31 22:34:52
BB6849FC-C0B2-44FE-8284-54B1C983E463.jpg,2022:03:26 22:26:15
IMG_0496.JPG,2020:12:29 17:18:44
IMG_0535.JPG,2007:09:25 19:02:42
IMG_9908.PNG,2004:06:05 02:56:01
IMG_0521.JPG,2004:11:18 21:43:30
IMG_0509.JPG,2020:12:29 17:19:07
IMG_9061.PNG,2013:09:18 22:08:24
IMG_0290.JPG,2004:05:16 11:45:26
IMG_8425.PNG,2014:09:22 23:34:25
dd05c37f-e8c0-4336-b54a-cf13baf05bbe.jpg,2013:07:06 08:53:02
IMG_8800.PNG,2019:05:05 01:49:41
IMG_5883.JPG,2011:05:10 05:14:45
IMG_5854.JPG,2012:03:22 05:54:43
IMG_0086.JPG,2015:08:12 15:36:50
IMG_9920.JPG,2015:12:11 22:10:41
IMG_0084.JPG,2000:08:19 15:57:26
IMG_5659.JPG,2013:12:09 18:08:49
IMG_0279.JPG,2005:04:13 03:43:11
5AA3FF27-79AC-454E-BB47-C92FB48DFCBD.jpg,2017:08:31 17:18:50
IMG_9467.PNG,2011:08:22 14:06:09
IMG_4341.JPG,2019:10:31 12:10:04
IMG_8208.JPG,2005:04:30 13:49:09
1DEAC589-BEF8-425A-8C47-A046ADF7A494.jpg,2000:10:31 15:57:29
IMG_9466.PNG,2003:06:20 05:46:37
IMG_9328.JPG,2003:07:22 07:13:08
D40D37D1-D3F7-4738-8E8D-0126212FCC2F.jpg,2000:04:08 19:20:21
IMG_8591.PNG,2000:10:03 01:06:59
IMG_0495.JPG,2009:02:03 00:40:53
IMG_4963.JPG,2019:01:21 07:42:29
IMG_8426.PNG,2002:06:03 08:32:27
IMG_5664.PNG,2008:03:19 20:16:15
IMG_9076.JPG,2018:05:01 09:49:46
7BF7CD16-56D0-47B7-9069-297059B7DCC0.jpg,2012:09:12 07:52:23
IMG_0085.JPG,2014:05:03 06:15:04
IMG_4904.PNG,2009:03:22 21:08:01
IMG_5165.PNG,2004:10:23 11:55:12
IMG_9978.PNG,2006:11:08 20:34:27
FA0F615E-B1BF-40D8-AB28-BBE9D2C8B425.jpg,2020:12:28 19:09:50
IMG_8910.PNG,2019:05:01 17:00:32
IMG_9366.PNG,2000:12:23 12:04:49
IMG_5560.JPG,2020:05:08 01:45:36
IMG_4939.PNG,2018:04:02 05:16:19
IMG_9010.JPG,2018:01:03 04:41:10
IMG_9776.JPG,2019:09:27 18:38:46
IMG_9006.JPG,2021:02:06 08:30:36
86686bd3-f2c2-40fc-bae4-fad70f3ee832.jpg,2016:01:29 06:53:35
IMG_9748.JPG,2012:09:28 12:20:58
IMG_9760.PNG,2001:11:04 10:10:39
IMG_0618.JPG,2012:05:28 13:10:17
4E95DE0A-B029-4989-9E1C-F5B3C9864A6A.jpg,2019:07:10 14:52:53
IMG_0382.JPG,2009:08:15 23:48:22
IMG_9167.PNG,2007:09:09 14:59:15
IMG_9749.JPG,2017:03:08 08:46:34
IMG_0594.PNG,2012:04:21 18:08:51
IMG_9942.PNG,2006:03:13 17:44:00
IMG_0609.PNG,2004:03:15 10:42:19
E8BF4587-FE9B-4F9B-869B-3ECA051269B2.jpg,2015:06:14 04:59:30
IMG_9349.JPG,2008:04:01 14:13:02
IMG_9406.JPG,2004:08:04 23:49:21
IMG_4877.JPG,2006:05:20 08:52:13
IMG_0581.PNG,2017:03:04 06:37:47
IMG_0595.PNG,2019:06:27 05:38:55
IMG_8446.JPG,2010:06:22 21:43:12
IMG_0224.PNG,2018:12:26 01:21:50
IMG_8493.PNG,2015:01:20 04:52:59
F2A80C64-EE6A-487C-B6AC-74F3712D7917.jpg,2017:12:25 08:38:35
EFFA7C49-0A3E-4273-8BFF-BEE8B2DD31C7.jpg,2000:09:27 21:42:57
IMG_4336.JPG,2005:01:27 04:17:32
IMG_4337.JPG,2001:01:20 14:51:10
2AB87A18-B7A7-4544-A55E-F1AF10A9ECA5.jpg,2020:12:25 20:55:25
IMG_9175.PNG,2007:07:22 01:11:05
IMG_5015.PNG,2007:04:22 04:12:41
IMG_5820.PNG,2010:12:15 23:16:01
6e4665a0-7af1-4a7a-b2cf-e0d6ca8c4357.jpg,2007:10:24 13:21:59
IMG_9940.PNG,2018:10:09 22:45:51
IMG_0596.JPG,2006:06:22 03:11:12
IMG_9029.PNG,2014:01:30 04:52:26
IMG_9001.JPG,2000:02:21 03:52:21
511c71ac-c696-44c2-8d17-a9396504e94e.jpg,2014:08:01 23:18:19
IMG_2049.jpeg,2018:01:13 18:10:55
IMG_2053.jpeg,2018:01:13 18:14:30
IMG_2045.jpeg,2018:01:13 12:48:37
IMG_2069.jpeg,2018:04:25 18:04:41
IMG_2086.jpeg,2018:06:03 14:06:52
IMG_2068.jpeg,2018:04:25 18:04:39
IMG_2044.jpeg,2018:01:13 12:48:36
IMG_2052.jpeg,2018:01:13 18:14:01
IMG_2048.jpeg,2018:01:13 18:10:54
IMG_2043.jpeg,2018:01:13 12:48:25
Screenshot_20180814-205835_Original.PNG,2011:07:29 08:52:06
IMG_2059.jpeg,2018:01:13 18:15:31
IMG_2081.jpeg,2018:05:26 18:42:27
IMG_2042.jpeg,2018:01:13 12:48:25
IMG_2054.jpeg,2018:01:13 18:14:32
IMG_2082.jpeg,2018:05:26 18:43:55
IMG_2077.jpeg,2018:04:25 18:58:07
IMG_2060.jpeg,2018:01:13 18:15:33
IMG_2076.jpeg,2018:04:25 18:58:04
Screenshot_20180723-215323_Original.png,2013:10:13 18:10:45
IMG_2056.jpeg,2018:01:13 18:14:44
IMG_2047.jpeg,2018:01:13 18:10:19
IMG_2051.jpeg,2018:01:13 18:11:57
IMG_2050.jpeg,2018:01:13 18:11:55
IMG_2046.jpeg,2018:01:13 18:10:17
IMG_2085.jpeg,2018:06:03 14:06:49
IMG_2141.jpeg,2019:06:16 07:06:55
IMG_8472.JPG,2019:12:26 13:48:33
IMG_8467.JPG,2019:12:26 12:39:55
IMG_2140.jpeg,2019:06:16 07:06:46
IMG_2138.png,2011:04:19 02:47:30
IMG_2135.png,2004:11:18 20:03:28
20190805_183553_Original.JPG,2019:08:05 18:35:53
IMG_2134.png,2013:01:10 18:55:43
IMG_2136.png,2005:12:03 15:44:47
IMG_2137.png,2005:08:15 10:33:20
IMG_2144.png,2011:08:22 22:52:04
IMG_2145.png,2004:04:05 15:05:38
IMG_2142.jpeg,2019:09:06 18:23:15
IMG_2143.png,2008:03:27 19:35:07
IMG_2139.jpeg,2019:06:16 07:06:24
IMG_4703.JPG,2017:03:17 08:42:21
392C184E-302C-4978-A3CF-B584507E5514.jpg,2021:12:16 22:22:29
1B928BAD-1C82-4F8B-BBD3-3890D0D2B6F9.jpg,2007:11:13 08:27:09
ab5a0dd6-5a97-42cb-962b-a9bbd271121f.jpg,2018:01:08 21:06:41
IMG_4881.PNG,2013:09:15 09:39:04
IMG_4883.JPG,2009:03:12 16:42:47
IMG_4841.PNG,2000:03:27 09:11:23
IMG_4855.PNG,2016:04:14 19:18:29
IMG_4666.JPG,2011:10:03 05:46:21
IMG_4629.JPG,2022:07:06 00:50:26
935918fd-4328-42d3-9c3b-68558c020aa5.jpg,2022:03:03 01:03:05
IMG_4827.PNG,2002:01:26 14:58:35
6c620f81-02fa-46a8-ba9e-0d887a314e66.jpg,2022:11:10 22:21:18
3AB21C4B-E0EE-492E-BCD0-C1B47304B0FC.jpg,2021:12:17 15:51:28
IMG_4428.JPG,2001:07:09 19:49:13
IMG_4429.JPG,2005:11:27 08:11:02
IMG_4941.PNG,2020:03:10 03:11:56
IMG_4558.JPG,2000:09:25 02:32:43
IMG_4599.JPG,2003:01:21 17:13:13
IMG_4994.PNG,2005:04:02 11:39:20
IMG_4605.JPG,2007:07:15 08:36:33
IMG_4981.JPG,2011:11:19 22:05:14
IMG_4956.PNG,2003:09:12 15:14:26
IMG_4598.JPG,2006:03:09 22:44:41
IMG_4999.JPG,2014:01:04 12:53:53
IMG_4966.JPG,2020:09:27 01:00:32
IMG_4557.JPG,2007:05:28 08:24:51
IMG_4804.JPG,2006:10:19 08:14:47
IMG_4597.JPG,2013:05:01 02:04:27
ef399762-aeee-4aad-8397-d454db02046d.jpg,2019:10:24 08:57:53
IMG_4430.JPG,2011:02:02 19:21:28
IMG_4431.JPG,2021:06:27 23:17:02
IMG_4989.PNG,2022:01:29 13:06:35
IMG_4802.PNG,2006:07:27 10:22:31
IMG_4427.JPG,2021:03:14 17:32:03
IMG_4432.JPG,2004:01:08 11:18:22
IMG_4426.JPG,2009:09:19 06:24:51
IMG_4630.JPG,2010:06:08 06:19:33
1a6332f7-6c91-4726-a5cf-bca6c33be17d.jpg,2007:02:03 00:34:02
IMG_4552.JPG,2009:06:22 09:58:53
IMG_4871.PNG,2001:03:16 18:26:06
IMG_4668.JPG,2008:07:05 12:14:35
IMG_4898.PNG,2005:08:22 18:48:17
IMG_4527.JPG,2000:01:05 20:13:00
IMG_4530.PNG,2000:10:26 14:51:26
IMG_1761.jpeg,2006:05:21 22:03:53
IMG_1809.jpeg,2017:02:19 19:35:50
IMG_1777.jpeg,2018:10:25 19:47:49
IMG_1798.jpeg,2017:02:19 19:33:19
IMG_1976.jpeg,2017:06:25 12:55:01
IMG_1833.jpeg,2017:02:19 19:36:51
IMG_1960.jpeg,2017:06:25 12:38:30
IMG_1782.jpeg,2016:10:19 03:43:32
IMG_1852.jpeg,2017:02:19 21:08:30
IMG_1805.jpeg,2017:02:19 19:35:34
IMG_1940.jpeg,2017:06:25 12:31:00
IMG_1813.jpeg,2017:02:19 19:35:59
IMG_1956.jpeg,2017:06:25 12:37:36
IMG_1794.jpeg,2001:11:07 23:22:23
IMG_1844.jpeg,2017:02:19 19:39:31
IMG_1775 2.jpeg,2022:05:19 20:51:01
IMG_1828.jpeg,2017:02:19 19:36:48
IMG_1845.jpeg,2017:02:19 19:39:39
IMG_1795.jpeg,2018:07:17 01:14:49
IMG_1957.jpeg,2017:06:25 12:37:46
IMG_1804.jpeg,2017:02:19 19:35:16
IMG_1783.jpeg,2011:05:19 19:16:43
IMG_1961.jpeg,2017:06:25 12:43:54
IMG_1824.jpeg,2017:02:19 19:36:27
IMG_1776.jpeg,2018:07:27 20:47:19
IMG_1799.jpeg,2017:02:19 19:33:32
IMG_1849.jpeg,2017:02:19 21:07:51
IMG_1808.jpeg,2017:02:19 19:35:48
IMG_1784.jpeg,2014:08:05 08:56:02
IMG_1803.jpeg,2017:02:19 19:35:11
IMG_1946.jpeg,2017:06:25 12:34:17
IMG_1815.jpeg,2017:02:19 19:36:20
IMG_1950.jpeg,2017:06:25 12:36:10
IMG_1792.jpeg,2009:07:29 01:38:29
IMG_1842.jpeg,2017:02:19 19:38:40
IMG_1839.jpeg,2017:02:19 19:37:51
IMG_1747.jpeg,2004:01:05 12:55:39
IMG_1767.jpeg,2022:03:05 08:06:51
IMG_1788.jpeg,2006:03:01 22:44:54
IMG_1970.jpeg,2017:06:25 12:50:15
IMG_1835.jpeg,2017:02:19 19:37:10
IMG_2022.jpeg,2001:06:01 21:11:59
IMG_1967.jpeg,2017:06:25 12:49:25
IMG_1971.jpeg,2017:06:25 12:52:32
IMG_1834.jpeg,2017:02:19 19:36:58
IMG_1789.jpeg,2021:10:11 07:10:24
IMG_1838.jpeg,2017:02:19 19:37:40
IMG_1843.jpeg,2017:02:19 19:39:21
IMG_1793.jpeg,2009:08:20 01:52:01
IMG_1814.jpeg,2017:02:19 19:36:06
IMG_1951.jpeg,2017:06:25 12:36:13
IMG_1802.jpeg,2017:02:19 19:34:45
IMG_1855.jpeg,2017:02:19 21:14:56
IMG_1785.jpeg,2002:07:30 19:04:43
IMG_1968.jpeg,2017:06:25 12:50:01
IMG_1840.jpeg,2017:02:19 19:38:06
IMG_1790.jpeg,2009:11:26 05:22:11
IMG_1952.jpeg,2017:06:25 12:36:56
IMG_1944.jpeg,2017:06:25 12:32:14
IMG_1801.jpeg,2017:02:19 19:34:02
IMG_2036.jpeg,2017:12:20 11:12:26
IMG_1837.jpeg,2017:02:19 19:37:26
IMG_1972.jpeg,2017:06:25 12:54:10
IMG_1787 2.jpeg,2010:11:19 13:46:01
IMG_1948.jpeg,2017:06:25 12:35:53
IMG_1764.jpeg,2021:09:17 04:57:08
IMG_1949.jpeg,2017:06:25 12:35:55
IMG_1836.jpeg,2017:02:19 19:37:16
IMG_1973.jpeg,2017:06:25 12:54:14
IMG_1748.jpeg,2018:09:29 10:41:06
IMG_2021.jpeg,2013:02:27 20:15:19
IMG_1965.jpeg,2017:06:25 12:49:04
IMG_1800.jpeg,2017:02:19 19:33:45
IMG_2040.jpeg,2017:12:20 11:13:09
IMG_1953.jpeg,2017:06:25 12:36:58
IMG_1791.jpeg,2005:03:04 09:40:23
IMG_1841.jpeg,2017:02:19 19:38:21
IMG_1969.jpeg,2017:06:25 12:50:02
IMG_1962.jpeg,2017:06:25 12:44:12
IMG_1866.jpeg,2017:02:20 11:21:16
IMG_1974.jpeg,2017:06:25 12:54:46
IMG_1958.jpeg,2017:06:25 12:37:58
IMG_1763.jpeg,2016:08:31 19:38:21
IMG_1939.jpeg,2017:06:25 12:30:58
IMG_1885.jpeg,2017:06:05 15:46:43
IMG_1846.jpeg,2017:02:19 19:39:44
IMG_1796.jpeg,2018:12:15 03:43:31
IMG_1779.jpeg,2019:08:22 10:31:51
IMG_1954.jpeg,2017:06:25 12:37:22
IMG_1942.jpeg,2017:06:25 12:31:48
IMG_1807.jpeg,2017:02:19 19:35:48
IMG_1780.jpeg,2003:05:13 00:44:27
IMG_1781.jpeg,2011:09:17 17:40:33
IMG_1851.jpeg,2017:02:19 21:08:28
IMG_1943.jpeg,2017:06:25 12:32:13
IMG_1806.jpeg,2017:02:19 19:35:48
IMG_1955.jpeg,2017:06:25 12:37:25
IMG_1797.jpeg,2012:02:15 12:53:04
IMG_1778.jpeg,2000:12:04 12:58:17
IMG_1847.jpeg,2017:02:19 19:40:18
IMG_1938.jpeg,2017:06:25 12:30:55
IMG_1959.jpeg,2017:06:25 12:38:05
IMG_1975.jpeg,2017:06:25 12:54:48
